{
  "user_based_cf": {
    "rmse": 0.499309819517179,
    "precision_at_10": 0.5,
    "ndcg_at_10": 0.5
  },
  "svd": {
    "rmse": 0.6001064553568316,
    "precision_at_10": 0.6,
    "ndcg_at_10": 0.6
  }
}