movie_id,title,estimated_rating
475,Trainspotting (1996),4.0905228918035075
423,E.T. the Extra-Terrestrial (1982),3.3587458034734725
318,Schindler's List (1993),3.205265977135907
403,Batman (1989),3.156341356965458
275,Sense and Sensibility (1995),3.1499621844560473
483,Casablanca (1942),3.1402079362850426
433,Heathers (1989),3.112078082202896
286,"English Patient, The (1996)",3.03498132121965
408,"Close Shave, A (1995)",2.9970074339983794
655,Stand by Me (1986),2.9646271981507164
